Alternatywa,TOPSIS,SPOTIS,VIKOR,PROMETHEE II,WSM
A1,0.7145878813025972,0.3411848874715718,0.03934792548850767,0.18848035664581575,3
A2,0.5498124524743198,0.4359924941885369,0.28284178640391067,-0.18848035664581575,1
A3,0.6933982391117272,0.3115196433541843,0.18894110723953056,0.37696071329163144,5
A4,0.3066017608882729,0.6884803566458157,1.0,-0.37696071329163144,2
A5,0.6098539473911435,0.40147552143620047,0.16060678192263572,0.0,4
